ID produit;Nom du produit;Quantite vendue;Prix de vente par unite;ID client;Nom du client;Date
3;Produit C;6;90.21734676842252;13;Client_13;15/11/2023
2;Produit B;2;78.15290518353527;152;Client_152;21/11/2023
2;Produit B;3;95.7124921795883;428;Client_428;02/08/2023
3;Produit C;1;80.56178178265955;313;Client_313;27/07/2023
2;Produit B;2;43.331989792103215;352;Client_352;18/06/2023
3;Produit C;2;60.95092966789682;400;Client_400;26/11/2023
1;Produit A;8;35.00521170321448;480;Client_480;07/10/2023
4;Produit D;8;57.27601956016808;109;Client_109;01/11/2023
4;Produit D;2;81.9122113816046;485;Client_485;26/05/2023
5;Produit E;6;57.05103456515722;376;Client_376;20/09/2023
2;Produit B;5;53.12059228276939;356;Client_356;04/01/2023
1;Produit A;5;91.05431702992266;367;Client_367;01/03/2023
4;Produit D;5;33.33082347822787;204;Client_204;07/11/2023
1;Produit A;5;56.982930428981476;307;Client_307;16/01/2023
1;Produit A;3;41.07685192706839;21;Client_21;15/08/2023
2;Produit B;3;78.67479755123088;60;Client_60;29/01/2023
1;Produit B;4;37.40071923017944;435;Client_435;31/05/2023
4;Produit D;7;76.53654310061711;21;Client_21;02/09/2023
5;Produit E;2;50.032660955853515;363;Client_363;27/09/2023
4;Produit D;4;43.92417696160573;382;Client_382;20/03/2023
2;Produit B;4;95.54467904774897;245;Client_245;16/10/2023
4;Produit D;1;31.29672037221691;390;Client_390;02/06/2023
3;Produit C;8;60.64440903226983;73;Client_73;04/10/2023
5;Produit E;1;31.513889472325566;449;Client_449;06/10/2023
3;Produit C;8;63.85151336730303;76;Client_76;26/02/2023
3;Produit C;7;65.07331644560927;186;Client_186;05/07/2023
2;Produit B;9;52.51637299763229;78;Client_78;03/04/2023
1;Produit A;8;39.25132442675166;390;Client_390;03/10/2023
3;Produit C;5;56.34712764141327;65;Client_65;07/06/2023
4;Produit D;8;77.05840579527961;342;Client_342;02/10/2023
1;Produit A;3;84.76770660511214;290;Client_290;30/06/2023
4;Produit D;7;67.15254216716997;56;Client_56;25/12/2023
4;Produit D;4;71.28840761078288;331;Client_331;18/03/2023
1;Produit A;5;44.04314597872569;259;Client_259;31/05/2023
1;Produit A;9;50.11312332593546;426;Client_426;26/08/2023
4;Produit D;7;41.33269270366509;190;Client_190;16/10/2023
2;Produit B;4;47.45067450032279;6;Client_6;19/08/2023
2;Produit B;9;69.38821290535105;148;Client_148;08/07/2023
1;Produit A;4;96.14631945750531;405;Client_405;17/01/2023
4;Produit D;3;43.68994529710662;258;Client_258;19/01/2023
5;Produit E;8;74.91729971130471;218;Client_218;07/08/2023
4;Produit D;1;87.2081488291266;479;Client_479;22/11/2023
2;Produit B;9;69.21690246481367;90;Client_90;30/04/2023
4;Produit D;1;47.8502556750753;312;Client_312;11/04/2023
2;Produit B;2;48.37851610140002;352;Client_352;03/02/2023
1;Produit A;8;32.74771371496999;10;Client_10;25/03/2023
2;Produit B;9;51.38109585839372;87;Client_87;15/07/2023
2;Produit B;7;82.12225753023661;250;Client_250;26/11/2023
5;Produit E;3;33.32624300449773;326;Client_326;21/07/2023
4;Produit D;7;45.35066977533815;151;Client_151;10/12/2023
5;Produit E;6;79.43627489722473;476;Client_476;07/12/2023
3;Produit C;2;84.78560939760136;113;Client_113;11/01/2023
2;Produit B;3;61.87228870433499;30;Client_30;13/12/2023
3;Produit C;5;78.86520369350542;128;Client_128;06/08/2023
5;Produit E;4;57.15665180584244;78;Client_78;10/09/2023
4;Produit D;2;41.193927151688925;421;Client_421;10/08/2023
4;Produit D;8;70.59774741422001;480;Client_480;07/01/2023
4;Produit D;5;96.36372972970231;305;Client_305;29/09/2023
1;Produit A;5;34.812566646207415;34;Client_34;15/08/2023
2;Produit B;3;65.51758656914724;105;Client_105;16/01/2023
4;Produit D;6;65.58181859936862;499;Client_499;18/10/2023
5;Produit E;2;31.678281316357218;22;Client_22;29/08/2023
4;Produit D;9;87.39077032689035;391;Client_391;27/06/2023
3;Produit C;7;68.77592136982463;105;Client_105;16/08/2023
2;Produit B;9;61.54077449712822;149;Client_149;30/09/2023
2;Produit B;6;49.98675502007377;272;Client_272;15/10/2023
1;Produit A;5;50.86297659539491;276;Client_276;24/10/2023
1;Produit A;1;56.81710035134091;299;Client_299;14/05/2023
1;Produit A;6;88.48994969751922;172;Client_172;10/10/2023
2;Produit B;6;97.70492447657878;47;Client_47;02/06/2023
3;Produit C;3;60.70587669452622;114;Client_114;07/03/2023
2;Produit B;3;57.53469871234333;275;Client_275;17/05/2023
2;Produit B;3;89.2585543073904;304;Client_304;02/04/2023
2;Produit B;3;59.88337244454125;480;Client_480;13/11/2023
2;Produit B;7;68.64127206069558;207;Client_207;16/09/2023
3;Produit C;2;46.16591652191211;453;Client_453;13/04/2023
1;Produit A;2;82.04517750453527;395;Client_395;24/02/2023
5;Produit E;3;67.23918227895473;463;Client_463;14/09/2023
1;Produit A;7;86.63241851682392;413;Client_413;11/04/2023
1;Produit A;3;84.65129110200688;242;Client_242;17/07/2023
5;Produit E;7;45.050333778902;301;Client_301;28/10/2023
2;Produit B;9;80.09448853904337;196;Client_196;14/08/2023
3;Produit C;4;86.003808556596;497;Client_497;25/08/2023
3;Produit C;7;54.227506854767654;164;Client_164;26/01/2023
1;Produit A;9;42.08263790315922;176;Client_176;01/05/2023
5;Produit E;8;30.18425089057117;343;Client_343;01/07/2023
4;Produit D;8;61.56325571652037;271;Client_271;18/07/2023
2;Produit B;9;54.67029120771891;110;Client_110;29/10/2023
1;Produit A;5;68.84368836777863;172;Client_172;12/09/2023
3;Produit C;5;43.162876481215;451;Client_451;02/05/2023
5;Produit E;5;48.04286509396768;202;Client_202;11/11/2023
1;Produit A;8;45.8500723561355;168;Client_168;12/10/2023
4;Produit D;5;63.649983953904915;102;Client_102;16/04/2023
3;Produit C;4;64.9195716620992;86;Client_86;12/08/2023
1;Produit A;8;45.055966014956496;142;Client_142;30/09/2023
4;Produit D;7;49.0302508708141;447;Client_447;20/08/2023
5;Produit E;6;41.87936674086714;337;Client_337;13/09/2023
2;Produit B;5;80.29221248262166;213;Client_213;24/01/2023
3;Produit C;5;83.90623218778573;51;Client_51;19/04/2023
3;Produit C;2;62.36299482214978;112;Client_112;10/07/2023
4;Produit D;4;79.98609158795122;463;Client_463;13/12/2023
1;Produit A;8;81.5154774356212;442;Client_442;25/01/2023
5;Produit E;8;39.679286937446605;271;Client_271;06/07/2023
4;Produit D;1;97.63246173841758;65;Client_65;15/10/2023
2;Produit B;2;87.47223629675017;344;Client_344;26/04/2023
2;Produit B;5;44.31384228370764;183;Client_183;04/12/2023
2;Produit B;9;43.03155250222492;332;Client_332;06/02/2023
4;Produit D;7;38.79628019057079;10;Client_10;09/10/2023
3;Produit C;1;82.37132593200873;234;Client_234;15/08/2023
1;Produit A;6;62.87579798661365;298;Client_298;16/11/2023
3;Produit C;8;84.80539209179071;244;Client_244;24/11/2023
5;Produit E;7;82.23784260451438;351;Client_351;01/07/2023
3;Produit C;2;72.32288994536552;267;Client_267;28/12/2023
4;Produit D;5;78.04566246050757;118;Client_118;27/03/2023
2;Produit B;4;31.284900706539926;144;Client_144;22/02/2023
5;Produit E;9;51.82443527635154;381;Client_381;14/12/2023
5;Produit E;1;74.64755254815871;201;Client_201;21/12/2023
3;Produit C;6;30.654146744037092;239;Client_239;23/08/2023
4;Produit D;3;32.30838605778154;334;Client_334;24/09/2023
3;Produit C;9;89.63215877292683;403;Client_403;14/10/2023
3;Produit C;5;77.88174031844503;415;Client_415;10/04/2023
3;Produit C;9;78.15739880830964;484;Client_484;15/01/2023
2;Produit B;9;85.47196683974843;437;Client_437;11/04/2023
3;Produit C;8;51.47559981770709;487;Client_487;14/06/2023
2;Produit B;9;32.52261642494312;246;Client_246;29/01/2023
4;Produit D;6;54.162588680694135;8;Client_8;17/04/2023
2;Produit B;5;37.45372342992945;152;Client_152;30/12/2023
4;Produit D;5;64.42998099752032;392;Client_392;10/05/2023
4;Produit D;4;83.79274569648936;211;Client_211;25/03/2023
2;Produit B;2;45.51531202322914;367;Client_367;28/09/2023
5;Produit E;6;48.864303509335436;432;Client_432;01/09/2023
1;Produit A;9;46.99004907590082;158;Client_158;02/08/2023
4;Produit D;1;99.41711369821748;58;Client_58;02/11/2023
4;Produit D;7;43.81826136113798;86;Client_86;15/06/2023
5;Produit E;6;70.28641518762868;55;Client_55;06/10/2023
3;Produit C;1;40.28275982144454;122;Client_122;31/03/2023
5;Produit E;4;97.95979385073902;446;Client_446;27/11/2023
4;Produit D;9;96.32340640769372;108;Client_108;13/07/2023
2;Produit B;2;91.92003909407838;304;Client_304;03/05/2023
1;Produit A;3;45.018956493100156;132;Client_132;16/05/2023
3;Produit C;2;74.38385392076884;421;Client_421;19/05/2023
2;Produit B;2;83.26240310728681;392;Client_392;17/08/2023
1;Produit A;8;99.02195497375008;385;Client_385;01/10/2023
1;Produit A;3;42.62966754569593;476;Client_476;19/02/2023
1;Produit A;7;83.62181296635075;198;Client_198;28/04/2023
2;Produit B;8;53.71608189489791;47;Client_47;21/07/2023
3;Produit C;3;42.293852589760164;228;Client_228;10/07/2023
3;Produit C;2;59.49638588496985;245;Client_245;30/12/2023
1;Produit A;8;85.56851385040315;203;Client_203;19/11/2023
2;Produit B;3;62.53948625928365;261;Client_261;30/06/2023
1;Produit A;7;67.6266170142134;178;Client_178;19/03/2023
3;Produit C;6;57.93765096901982;175;Client_175;22/10/2023
4;Produit D;9;73.0780528296468;274;Client_274;08/10/2023
1;Produit A;3;55.56709411307603;340;Client_340;21/01/2023
3;Produit C;6;78.69485274117856;461;Client_461;15/01/2023
2;Produit B;8;95.65208832664185;261;Client_261;30/07/2023
3;Produit C;3;67.9651265344625;286;Client_286;17/02/2023
2;Produit B;3;83.78799502641459;1;Client_1;27/03/2023
2;Produit B;4;36.24445911718747;86;Client_86;29/05/2023
1;Produit A;3;44.78106262023489;338;Client_338;07/07/2023
1;Produit A;9;65.14921486436728;430;Client_430;02/11/2023
3;Produit C;4;31.400820654014236;69;Client_69;31/05/2023
3;Produit C;8;66.21809028774763;198;Client_198;10/03/2023
4;Produit D;8;31.047283877941048;91;Client_91;17/09/2023
2;Produit B;5;48.51824003582292;440;Client_440;30/11/2023
2;Produit B;5;65.98215736331086;473;Client_473;09/01/2023
1;Produit A;6;70.12044735868719;349;Client_349;01/05/2023
1;Produit A;7;75.17419362754255;412;Client_412;29/05/2023
4;Produit D;4;59.03150617709956;16;Client_16;26/05/2023
3;Produit C;6;95.12458239931475;310;Client_310;19/12/2023
3;Produit C;7;84.9418088371456;437;Client_437;31/08/2023
5;Produit E;5;44.00062447789233;396;Client_396;29/08/2023
1;Produit A;5;39.158965294417385;276;Client_276;03/12/2023
1;Produit A;2;77.30681450199131;338;Client_338;12/02/2023
4;Produit D;7;69.19182159038887;162;Client_162;05/04/2023
3;Produit C;6;85.27715296549289;437;Client_437;14/08/2023
1;Produit A;1;81.71635350550805;192;Client_192;06/01/2023
5;Produit E;4;73.76480737002606;151;Client_151;02/08/2023
3;Produit C;3;99.04675201402246;365;Client_365;25/07/2023
4;Produit D;3;67.35128110772861;411;Client_411;08/03/2023
2;Produit B;4;87.97914953711918;273;Client_273;12/01/2023
4;Produit D;8;47.62973536419963;176;Client_176;25/08/2023
5;Produit E;9;84.41115037007428;149;Client_149;18/11/2023
1;Produit A;3;96.9974967200036;178;Client_178;15/09/2023
2;Produit B;5;78.77568597750388;424;Client_424;03/12/2023
4;Produit D;4;71.72211126648608;382;Client_382;15/05/2023
1;Produit A;6;62.22703229725284;223;Client_223;10/08/2023
2;Produit B;4;55.50869061967823;259;Client_259;05/06/2023
3;Produit C;8;54.710332568028534;273;Client_273;22/05/2023
1;Produit A;3;74.54608939967133;189;Client_189;07/06/2023
5;Produit E;5;82.5891181856422;306;Client_306;22/11/2023
4;Produit D;1;77.49619486390901;378;Client_378;10/12/2023
2;Produit B;6;43.88870708354939;90;Client_90;19/09/2023
1;Produit A;5;64.57910261004437;343;Client_343;10/10/2023
3;Produit C;8;85.41480505281442;262;Client_262;04/12/2023
4;Produit D;9;63.29928547323394;156;Client_156;10/12/2023
4;Produit D;8;67.56362958148458;200;Client_200;17/08/2023
1;Produit A;8;83.97952337195755;55;Client_55;07/10/2023
3;Produit C;3;76.2885714385564;254;Client_254;24/12/2023
2;Produit B;4;58.65414446176749;442;Client_442;17/10/2023
1;Produit A;4;92.67888978359532;173;Client_173;17/06/2023
2;Produit B;5;41.3796948064435;200;Client_200;16/02/2023
4;Produit D;9;99.68615140132273;403;Client_403;22/07/2023
2;Produit B;9;38.319680493336605;102;Client_102;02/08/2023
3;Produit C;1;31.046497977296724;285;Client_285;03/09/2023
3;Produit C;1;47.14674558561693;111;Client_111;17/11/2023
2;Produit B;2;81.07897392127046;416;Client_416;01/10/2023
1;Produit A;7;86.77107624524484;266;Client_266;13/02/2023
4;Produit D;8;90.12904737224818;91;Client_91;28/11/2023
5;Produit E;1;99.41159649649167;177;Client_177;09/11/2023
1;Produit A;3;50.58277970279994;449;Client_449;29/12/2023
1;Produit A;7;79.71703393490813;231;Client_231;05/06/2023
3;Produit C;9;38.07799007965798;29;Client_29;18/07/2023
2;Produit B;8;58.47665039497946;443;Client_443;11/06/2023
3;Produit C;8;89.35801853188133;301;Client_301;22/08/2023
2;Produit B;9;55.73606322413758;195;Client_195;12/06/2023
3;Produit C;3;71.37667663749298;307;Client_307;26/04/2023
1;Produit A;8;65.26414106072438;239;Client_239;03/04/2023
4;Produit D;1;75.21660717784314;357;Client_357;11/02/2023
2;Produit B;8;98.10260725713864;479;Client_479;11/10/2023
5;Produit E;7;33.90148685509815;384;Client_384;29/07/2023
5;Produit E;8;70.17730622511408;267;Client_267;25/07/2023
1;Produit A;1;90.41201454751993;214;Client_214;08/08/2023
3;Produit C;6;63.696789822389924;82;Client_82;07/10/2023
3;Produit C;7;35.4969030159101;128;Client_128;16/05/2023
1;Produit A;5;69.23775466917397;483;Client_483;16/04/2023
5;Produit E;7;40.845924973655514;67;Client_67;25/08/2023
3;Produit C;3;89.4324159298431;62;Client_62;05/11/2023
2;Produit B;6;66.51196590937852;133;Client_133;10/04/2023
4;Produit D;7;95.32934886653467;137;Client_137;18/09/2023
2;Produit B;1;86.42115532221484;28;Client_28;01/11/2023
5;Produit E;2;78.50802556415672;211;Client_211;20/12/2023
2;Produit B;4;30.351785235571835;476;Client_476;13/10/2023
4;Produit D;8;59.947641964677494;475;Client_475;24/11/2023
2;Produit B;6;43.82403971564226;205;Client_205;13/04/2023
2;Produit B;1;93.75585377342074;253;Client_253;04/03/2023
2;Produit B;5;42.22087892734522;38;Client_38;24/06/2023
2;Produit B;7;50.02420361614999;43;Client_43;09/10/2023
1;Produit A;6;66.17857374141494;117;Client_117;20/10/2023
5;Produit E;9;48.43545332986555;405;Client_405;14/08/2023
4;Produit D;8;44.69052740953848;475;Client_475;07/01/2023
1;Produit A;5;36.22506659285167;46;Client_46;02/04/2023
1;Produit A;7;34.07174311046473;454;Client_454;09/07/2023
1;Produit A;8;56.057170663025;166;Client_166;25/12/2023
1;Produit A;5;80.44651181555037;305;Client_305;22/02/2023
2;Produit B;9;68.83647307917636;203;Client_203;30/08/2023
3;Produit C;4;69.60260949572077;233;Client_233;30/12/2023
4;Produit D;8;55.581603925729155;245;Client_245;22/04/2023
1;Produit A;1;95.5302434802479;209;Client_209;07/01/2023
5;Produit E;8;33.8433423637542;248;Client_248;18/08/2023
1;Produit A;5;77.13740353208846;295;Client_295;05/06/2023
1;Produit A;1;92.38978653794254;327;Client_327;16/07/2023
1;Produit A;4;86.27192961146774;383;Client_383;19/11/2023
1;Produit A;2;42.88287243750127;158;Client_158;30/12/2023
1;Produit A;4;50.71484442862018;405;Client_405;11/08/2023
4;Produit D;8;80.19335570949733;1;Client_1;07/09/2023
1;Produit A;1;86.83031898828088;416;Client_416;28/08/2023
1;Produit A;7;80.32348612233532;249;Client_249;26/12/2023
1;Produit A;1;81.07246544647398;392;Client_392;19/11/2023
1;Produit A;9;37.0168959187314;69;Client_69;20/09/2023
2;Produit B;3;80.24323813713616;30;Client_30;08/07/2023
2;Produit B;3;77.58726876539791;115;Client_115;17/10/2023
3;Produit C;6;88.16457435752955;8;Client_8;28/12/2023
1;Produit A;6;32.91171693795287;369;Client_369;27/02/2023
3;Produit C;6;31.617746792745454;275;Client_275;09/01/2023
4;Produit D;1;56.11049699149925;492;Client_492;31/10/2023
3;Produit C;5;40.4151798694407;315;Client_315;25/04/2023
5;Produit E;6;69.08691342991554;439;Client_439;29/07/2023
2;Produit B;8;94.21442310547242;414;Client_414;10/02/2023
2;Produit B;1;57.4035811233811;335;Client_335;31/10/2023
1;Produit A;5;89.1465264090823;36;Client_36;22/06/2023
1;Produit A;3;30.016861216250653;311;Client_311;22/08/2023
4;Produit D;2;41.796025042142894;44;Client_44;08/10/2023
4;Produit D;8;32.12964777578599;155;Client_155;19/03/2023
1;Produit A;7;93.5732716987552;78;Client_78;08/10/2023
1;Produit A;5;36.78664865192914;101;Client_101;08/02/2023
4;Produit D;9;72.44868437206603;438;Client_438;29/04/2023
4;Produit D;5;61.604715738361094;432;Client_432;01/12/2023
4;Produit D;2;95.69277486560688;30;Client_30;02/12/2023
2;Produit B;3;38.57633997759657;39;Client_39;27/01/2023
3;Produit C;4;44.841949535156026;239;Client_239;14/04/2023
3;Produit C;5;32.06793780280453;13;Client_13;15/03/2023
1;Produit A;3;60.375467474196164;122;Client_122;10/07/2023
2;Produit B;7;49.4483029695258;144;Client_144;20/11/2023
4;Produit D;5;90.89341537232247;172;Client_172;27/05/2023
1;Produit A;5;72.34585692384286;455;Client_455;12/09/2023
2;Produit B;6;72.98635165829913;368;Client_368;11/10/2023
5;Produit E;7;67.23374878169116;247;Client_247;01/08/2023
2;Produit B;8;36.42952360604407;247;Client_247;03/05/2023
1;Produit A;9;61.151307860774864;411;Client_411;25/07/2023
3;Produit C;4;99.96536327959616;45;Client_45;28/08/2023
4;Produit D;5;88.46605035922104;253;Client_253;05/12/2023
5;Produit E;5;92.54213379169812;375;Client_375;13/10/2023
2;Produit B;8;87.62584514725496;291;Client_291;22/01/2023
1;Produit A;9;37.212918540168786;207;Client_207;16/09/2023
1;Produit A;7;45.92137778453598;412;Client_412;23/12/2023
4;Produit D;5;30.218515594948673;483;Client_483;15/04/2023
1;Produit A;3;51.2457087414678;7;Client_7;15/09/2023
1;Produit A;1;37.60251816425448;446;Client_446;23/07/2023
4;Produit D;9;63.09553417111081;242;Client_242;06/11/2023
5;Produit E;5;77.39892420017313;110;Client_110;19/09/2023
3;Produit C;9;91.2153706526654;114;Client_114;17/04/2023
3;Produit C;4;82.44520155636287;307;Client_307;08/09/2023
2;Produit B;5;95.70099170449537;302;Client_302;09/08/2023
5;Produit E;4;33.77288032756522;276;Client_276;10/08/2023
2;Produit B;2;30.8525884791579;96;Client_96;15/09/2023
3;Produit C;1;76.29366796853489;294;Client_294;20/07/2023
4;Produit D;8;50.25466871555724;189;Client_189;15/09/2023
1;Produit A;4;47.74507112740412;360;Client_360;15/12/2023
3;Produit C;5;53.1620961385656;288;Client_288;13/08/2023
5;Produit E;6;48.88572405246549;154;Client_154;21/07/2023
3;Produit C;8;65.80054844111112;58;Client_58;14/08/2023
5;Produit E;8;60.81039130568928;423;Client_423;24/08/2023
5;Produit E;7;65.86999859636595;404;Client_404;02/07/2023
5;Produit E;4;77.08995280503053;338;Client_338;19/07/2023
2;Produit B;6;57.09913562798038;50;Client_50;23/12/2023
4;Produit D;4;47.591538099950974;207;Client_207;03/09/2023
3;Produit C;7;41.63403757661219;52;Client_52;19/12/2023
4;Produit D;1;54.46318836728379;342;Client_342;21/04/2023
1;Produit A;5;81.92645326723203;371;Client_371;06/01/2023
3;Produit C;4;82.96934370780286;150;Client_150;24/08/2023
4;Produit D;7;76.68337706789472;53;Client_53;07/05/2023
4;Produit D;9;46.38197227148122;213;Client_213;14/04/2023
1;Produit A;5;71.16603720982883;66;Client_66;25/08/2023
3;Produit C;9;63.898633867680786;373;Client_373;14/09/2023
3;Produit C;5;68.49852904687049;299;Client_299;23/08/2023
1;Produit A;9;64.42534428365676;338;Client_338;16/10/2023
3;Produit C;4;80.08541682347902;205;Client_205;15/10/2023
3;Produit C;7;37.67397360824078;320;Client_320;16/07/2023
3;Produit C;5;82.47380265043165;255;Client_255;30/09/2023
5;Produit E;4;39.512030508931595;489;Client_489;21/09/2023
1;Produit A;5;34.663959888726225;137;Client_137;26/02/2023
3;Produit C;5;98.32557803550273;369;Client_369;25/10/2023
4;Produit D;9;96.98942382093091;135;Client_135;08/04/2023
2;Produit B;6;61.02774090324735;54;Client_54;28/03/2023
1;Produit A;4;43.03714568098423;65;Client_65;30/08/2023
4;Produit D;2;63.974142799409265;2;Client_2;18/07/2023
3;Produit C;3;88.11240700997112;132;Client_132;06/11/2023
2;Produit B;2;96.54282423200232;334;Client_334;25/03/2023
1;Produit A;5;74.39768574160762;32;Client_32;30/08/2023
5;Produit E;6;54.77339670482719;356;Client_356;08/10/2023
2;Produit B;5;72.23278959512189;386;Client_386;19/11/2023
2;Produit B;2;51.840091427591524;360;Client_360;09/09/2023
4;Produit D;5;93.68765485824423;498;Client_498;09/07/2023
1;Produit A;9;90.92803241740859;243;Client_243;01/06/2023
4;Produit D;4;69.07622251957628;192;Client_192;29/10/2023
4;Produit D;2;52.73592407662524;142;Client_142;05/10/2023
3;Produit C;3;50.53727729080848;148;Client_148;19/05/2023
2;Produit B;9;87.10745957177068;490;Client_490;08/01/2023
1;Produit A;4;61.52682491273056;49;Client_49;22/10/2023
5;Produit E;1;52.75930498801851;136;Client_136;23/08/2023
1;Produit A;7;87.31165933182564;191;Client_191;18/02/2023
5;Produit E;7;38.72299453952648;430;Client_430;29/10/2023
3;Produit C;2;90.0359191769279;149;Client_149;07/02/2023
3;Produit C;9;96.26955405237217;416;Client_416;06/11/2023
2;Produit B;5;57.82415946958395;8;Client_8;07/08/2023
2;Produit B;3;45.19982828263703;223;Client_223;14/12/2023
4;Produit D;3;56.15485729266889;357;Client_357;23/10/2023
3;Produit C;3;53.303846736198224;16;Client_16;03/02/2023
2;Produit B;6;42.33077387520021;296;Client_296;18/12/2023
1;Produit A;8;63.36369123560402;283;Client_283;24/08/2023
1;Produit A;5;90.59906946268026;104;Client_104;30/09/2023
3;Produit C;1;32.24767063374408;361;Client_361;10/06/2023
4;Produit D;9;75.07075492885885;146;Client_146;24/06/2023
5;Produit E;1;83.40642149580927;35;Client_35;04/11/2023
3;Produit C;6;83.16405984318149;113;Client_113;09/08/2023
1;Produit A;1;92.02517769668675;308;Client_308;09/01/2023
3;Produit C;3;81.03236199806459;399;Client_399;16/10/2023
2;Produit B;7;53.2859619874624;53;Client_53;24/07/2023
5;Produit E;8;65.22465917260801;347;Client_347;05/07/2023
2;Produit B;9;30.985576429802347;81;Client_81;07/12/2023
2;Produit B;6;30.487031111230387;104;Client_104;16/07/2023
2;Produit B;9;46.8088634316064;322;Client_322;23/09/2023
3;Produit C;8;37.05650379973597;369;Client_369;19/09/2023
1;Produit A;9;48.21479575550275;242;Client_242;05/09/2023
3;Produit C;4;42.393030616987815;31;Client_31;25/04/2023
1;Produit A;9;31.996401738705377;317;Client_317;01/05/2023
4;Produit D;5;30.575619197222405;357;Client_357;06/03/2023
5;Produit E;5;81.52575010359598;361;Client_361;03/10/2023
3;Produit C;1;40.650352084366155;233;Client_233;09/11/2023
3;Produit C;2;93.856073539972;98;Client_98;27/08/2023
1;Produit A;3;92.495715771292;34;Client_34;29/10/2023
3;Produit C;8;75.773080245848;243;Client_243;10/01/2023
2;Produit B;6;77.05639048604236;439;Client_439;21/08/2023
3;Produit C;5;30.3737399378782;59;Client_59;14/07/2023
1;Produit A;1;98.94100962795214;259;Client_259;12/01/2023
1;Produit A;9;91.44828225030702;17;Client_17;26/06/2023
2;Produit B;3;92.65743580110644;78;Client_78;26/06/2023
1;Produit A;3;76.14711759356103;206;Client_206;05/08/2023
4;Produit D;2;54.13508500581756;302;Client_302;11/01/2023
3;Produit C;2;50.40618497058347;291;Client_291;13/06/2023
4;Produit D;9;69.38980803395421;385;Client_385;08/02/2023
3;Produit C;7;36.98116806407177;112;Client_112;22/02/2023
4;Produit D;8;94.53689410929252;413;Client_413;06/08/2023
3;Produit C;3;39.85393204398493;388;Client_388;25/07/2023
2;Produit B;6;45.74277640112851;317;Client_317;08/11/2023
1;Produit A;6;69.06939106897505;353;Client_353;26/12/2023
1;Produit A;1;83.4865100149087;145;Client_145;25/02/2023
2;Produit B;6;73.35459141554092;156;Client_156;28/04/2023
4;Produit D;3;46.24937389601093;178;Client_178;10/09/2023
5;Produit E;3;30.066012976924323;346;Client_346;13/10/2023
4;Produit D;3;83.00054062152074;136;Client_136;25/09/2023
1;Produit A;8;98.96451281377657;418;Client_418;18/10/2023
5;Produit E;5;86.69391842142633;315;Client_315;29/11/2023
3;Produit C;4;62.21446327096307;18;Client_18;29/06/2023
5;Produit E;9;93.26370829793746;351;Client_351;24/12/2023
4;Produit D;9;58.6893371182845;443;Client_443;23/08/2023
2;Produit B;1;66.74538589704272;155;Client_155;09/12/2023
3;Produit C;2;63.39908371769783;272;Client_272;15/07/2023
4;Produit D;8;61.33367108658675;266;Client_266;04/11/2023
3;Produit C;5;84.2633538505734;360;Client_360;21/03/2023
1;Produit A;1;52.170198541765124;406;Client_406;22/01/2023
4;Produit D;5;48.07107173609349;16;Client_16;27/11/2023
2;Produit B;3;32.642312187720336;12;Client_12;13/08/2023
4;Produit D;2;46.097299078072396;212;Client_212;03/04/2023
2;Produit B;9;40.36937454114682;179;Client_179;11/07/2023
4;Produit D;4;75.76809746793744;129;Client_129;13/04/2023
4;Produit D;7;82.65084245803662;195;Client_195;08/05/2023
3;Produit C;2;65.25038274370141;268;Client_268;24/02/2023
5;Produit E;3;92.58382236427207;30;Client_30;19/08/2023
4;Produit D;3;95.54399273787595;9;Client_9;28/12/2023
1;Produit A;6;86.51596578547426;309;Client_309;03/03/2023
4;Produit D;3;74.4915437405731;445;Client_445;28/08/2023
3;Produit C;5;51.260466751383206;310;Client_310;31/03/2023
2;Produit B;4;98.80614451341549;165;Client_165;20/08/2023
2;Produit B;3;49.189531703435684;193;Client_193;21/08/2023
2;Produit B;8;44.18598453933018;426;Client_426;20/12/2023
1;Produit A;3;60.9507879650608;305;Client_305;29/11/2023
3;Produit C;6;33.978839949867194;260;Client_260;19/10/2023
5;Produit E;7;98.49461252702535;192;Client_192;11/12/2023
2;Produit B;7;71.19034894914974;79;Client_79;01/06/2023
3;Produit C;2;68.98664641649228;179;Client_179;25/05/2023
4;Produit D;3;75.9057395929804;91;Client_91;10/05/2023
1;Produit A;4;64.79165534440446;456;Client_456;21/05/2023
3;Produit C;7;32.24444619661791;444;Client_444;03/04/2023
3;Produit C;2;72.86179021882776;215;Client_215;24/04/2023
5;Produit E;3;80.13217138695015;79;Client_79;11/10/2023
3;Produit C;7;59.172434243683725;475;Client_475;23/05/2023
5;Produit E;7;83.0106900449835;415;Client_415;11/08/2023
1;Produit A;3;45.890090953689445;103;Client_103;20/08/2023
1;Produit A;1;45.48936137463288;111;Client_111;02/02/2023
4;Produit D;3;41.299189138130174;456;Client_456;03/10/2023
2;Produit B;4;87.95384435043451;247;Client_247;23/12/2023
2;Produit B;1;56.79769455744527;234;Client_234;20/07/2023
4;Produit D;6;71.23831151861657;82;Client_82;23/01/2023
1;Produit A;2;80.45714215324409;132;Client_132;12/08/2023
2;Produit B;3;46.884474223961604;495;Client_495;27/09/2023
3;Produit C;4;41.769876012632295;235;Client_235;13/12/2023
1;Produit A;6;98.04671952486177;278;Client_278;02/06/2023
3;Produit C;6;73.2290119246733;387;Client_387;29/11/2023
1;Produit A;5;53.642919099256034;99;Client_99;19/04/2023
4;Produit D;7;79.2122189981892;431;Client_431;31/01/2023
5;Produit E;2;45.58225455788664;38;Client_38;17/08/2023
5;Produit E;1;48.284011989173905;161;Client_161;28/08/2023
3;Produit C;8;65.83314848887368;462;Client_462;29/12/2023
5;Produit E;1;52.37326878556499;432;Client_432;06/11/2023
2;Produit B;2;41.733509468840914;449;Client_449;21/05/2023
1;Produit A;6;48.401649139252825;117;Client_117;05/06/2023
2;Produit B;1;32.502387612610526;241;Client_241;26/10/2023
3;Produit C;3;79.30965350342406;26;Client_26;11/12/2023
3;Produit C;7;64.44816599601032;136;Client_136;09/04/2023
1;Produit A;8;36.597014648316794;50;Client_50;16/02/2023
5;Produit E;4;42.018579518994386;464;Client_464;23/11/2023
4;Produit D;3;37.17741766788508;294;Client_294;08/03/2023
3;Produit C;1;72.88149657931135;394;Client_394;03/03/2023
1;Produit A;9;36.59472545287456;298;Client_298;19/04/2023
4;Produit D;6;82.79976331246513;293;Client_293;16/06/2023
3;Produit C;9;47.45630515971244;220;Client_220;29/04/2023
1;Produit A;1;92.34666731243351;140;Client_140;27/03/2023
1;Produit A;6;80.29719226855721;468;Client_468;21/02/2023
1;Produit A;5;35.10778330479814;49;Client_49;01/04/2023
3;Produit C;6;87.47882731396258;142;Client_142;16/10/2023
4;Produit D;8;64.51245850781433;46;Client_46;03/12/2023
1;Produit A;5;89.27481190181805;163;Client_163;25/10/2023
5;Produit E;2;72.05178421152755;285;Client_285;23/07/2023
1;Produit A;2;77.72831224230012;268;Client_268;26/08/2023
4;Produit D;5;99.54510922769957;116;Client_116;04/06/2023
3;Produit C;3;46.263488214681274;82;Client_82;28/08/2023
1;Produit A;3;73.67619023329718;44;Client_44;16/05/2023
1;Produit A;8;62.222497304017885;194;Client_194;28/12/2023
1;Produit A;5;38.346000447250105;273;Client_273;11/09/2023
1;Produit A;9;75.43642183769836;394;Client_394;24/04/2023
4;Produit D;1;68.74006928146092;278;Client_278;16/01/2023
2;Produit B;8;32.22997337697821;83;Client_83;25/05/2023
2;Produit B;5;62.85120974520049;58;Client_58;27/07/2023
1;Produit A;2;94.723597248977;53;Client_53;19/01/2023
3;Produit C;3;73.74457288519194;216;Client_216;07/02/2023
3;Produit C;9;84.58730729362006;317;Client_317;30/06/2023
2;Produit B;1;84.87476953993213;228;Client_228;15/12/2023
4;Produit D;4;66.349605767669;473;Client_473;15/04/2023
2;Produit B;8;90.05663617816354;484;Client_484;10/04/2023
1;Produit A;8;57.39646653546229;254;Client_254;31/03/2023
4;Produit D;8;92.20852503493589;159;Client_159;27/10/2023
3;Produit C;8;46.81590164768817;287;Client_287;28/11/2023
1;Produit A;9;85.6907285579598;309;Client_309;25/06/2023
2;Produit B;7;59.19386653628939;460;Client_460;06/04/2023
1;Produit A;2;46.03816297379793;458;Client_458;11/12/2023
3;Produit C;8;93.09799588604632;493;Client_493;12/08/2023
4;Produit D;3;68.74716197500283;150;Client_150;02/05/2023
5;Produit E;7;73.12775602910048;23;Client_23;24/08/2023
4;Produit D;3;57.41665800151662;215;Client_215;12/06/2023
2;Produit B;9;94.0833816852832;399;Client_399;14/08/2023
5;Produit E;4;38.79288924642115;410;Client_410;18/08/2023
1;Produit A;4;59.291275280135956;131;Client_131;01/07/2023
5;Produit E;3;54.11933355915127;343;Client_343;06/09/2023
1;Produit A;5;64.87055041758039;148;Client_148;14/11/2023
4;Produit D;3;62.034231218162255;381;Client_381;29/07/2023
4;Produit D;3;39.79432840588959;40;Client_40;11/12/2023
4;Produit D;2;65.91990510592939;121;Client_121;06/04/2023
2;Produit B;5;46.969316972104764;295;Client_295;12/12/2023
5;Produit E;6;42.90319442917339;120;Client_120;01/09/2023
1;Produit A;1;34.538395315033384;456;Client_456;27/03/2023
1;Produit A;6;83.38567911292986;18;Client_18;03/07/2023
2;Produit B;4;73.8650578318231;198;Client_198;28/11/2023
2;Produit B;6;80.93153403133203;411;Client_411;02/04/2023
2;Produit B;8;77.55216657194875;484;Client_484;11/03/2023
1;Produit A;9;62.93505033627776;143;Client_143;13/05/2023
4;Produit D;6;57.15289702662109;37;Client_37;06/10/2023
2;Produit B;7;56.317193674846465;186;Client_186;17/05/2023
1;Produit A;5;74.80341578510394;261;Client_261;10/11/2023
1;Produit A;9;64.63560484593114;231;Client_231;06/07/2023
4;Produit D;4;89.43925735919575;254;Client_254;09/08/2023
5;Produit E;5;41.9392264604563;391;Client_391;05/10/2023
2;Produit B;1;39.53635560820079;297;Client_297;11/07/2023
2;Produit B;5;74.12806482251997;468;Client_468;08/01/2023
4;Produit D;5;51.08580236435956;10;Client_10;03/10/2023
2;Produit B;9;31.29995031355692;446;Client_446;28/06/2023
4;Produit D;1;92.20498685540686;410;Client_410;30/11/2023
1;Produit A;5;45.88305370706658;324;Client_324;08/02/2023
2;Produit B;7;95.04964561800664;230;Client_230;20/10/2023
1;Produit A;6;80.22041156147776;24;Client_24;27/06/2023
3;Produit C;6;83.3857442938039;78;Client_78;11/06/2023
4;Produit D;7;44.10230470552123;425;Client_425;27/11/2023
3;Produit C;6;46.39360979317691;193;Client_193;14/04/2023
2;Produit B;5;66.48874276768461;401;Client_401;10/06/2023
1;Produit A;5;42.04698968549035;109;Client_109;14/10/2023
2;Produit B;9;51.38021848781226;280;Client_280;03/05/2023
3;Produit C;8;52.50237345634631;411;Client_411;23/02/2023
2;Produit B;4;41.174095327693486;263;Client_263;03/02/2023
5;Produit E;4;44.36279833766125;329;Client_329;30/08/2023
3;Produit C;5;85.19862894057796;363;Client_363;23/04/2023
2;Produit B;3;41.70370981830879;355;Client_355;14/11/2023
1;Produit A;8;31.992017429074576;378;Client_378;23/01/2023
2;Produit B;7;74.05484598402569;268;Client_268;15/02/2023
1;Produit A;5;98.3188183574715;341;Client_341;08/11/2023
2;Produit B;5;38.30589922373766;335;Client_335;28/04/2023
5;Produit E;3;69.92711277572715;85;Client_85;08/07/2023
3;Produit C;5;93.44479477669523;10;Client_10;11/05/2023
1;Produit A;1;84.88432458799352;289;Client_289;31/07/2023
3;Produit C;6;73.57611078889012;302;Client_302;23/04/2023
1;Produit A;4;52.05395476253196;59;Client_59;13/02/2023
4;Produit D;8;36.38713889129787;262;Client_262;30/12/2023
2;Produit B;2;77.52617969964689;386;Client_386;07/06/2023
5;Produit E;4;80.75672132283556;285;Client_285;30/09/2023
1;Produit A;2;97.55221360369431;119;Client_119;11/11/2023
1;Produit A;1;48.227815112155014;168;Client_168;21/12/2023
1;Produit A;3;31.291949333011583;353;Client_353;06/12/2023
1;Produit A;8;68.19259250990055;189;Client_189;14/02/2023
2;Produit B;6;79.47533530777702;452;Client_452;18/04/2023
3;Produit C;7;85.32852331180916;251;Client_251;07/08/2023
4;Produit D;2;43.561725311736744;324;Client_324;14/11/2023
2;Produit B;6;48.32270083259166;413;Client_413;11/11/2023
1;Produit A;8;65.88136476871074;229;Client_229;26/06/2023
2;Produit B;8;53.14205669790013;190;Client_190;16/08/2023
5;Produit E;4;90.23580406112114;316;Client_316;10/07/2023
1;Produit A;6;63.16321076171042;124;Client_124;09/06/2023
4;Produit D;5;85.97050508714021;84;Client_84;24/09/2023
1;Produit A;9;70.64338323376477;297;Client_297;24/12/2023
4;Produit D;8;84.11630991319784;215;Client_215;22/11/2023
4;Produit D;2;53.28710905712267;237;Client_237;09/07/2023
3;Produit C;7;88.19916353512178;466;Client_466;24/06/2023
3;Produit C;7;49.22006208857151;113;Client_113;17/10/2023
2;Produit B;1;68.22691656023036;217;Client_217;23/12/2023
2;Produit B;1;44.980497922171196;321;Client_321;25/05/2023
4;Produit D;4;63.286856513833534;246;Client_246;20/08/2023
1;Produit A;5;52.27226466560922;448;Client_448;26/12/2023
5;Produit E;4;48.669240144605;335;Client_335;23/07/2023
5;Produit E;7;97.68895126196263;319;Client_319;01/08/2023
1;Produit A;3;41.205187384071145;482;Client_482;09/02/2023
1;Produit A;7;85.11280862201767;432;Client_432;02/10/2023
3;Produit C;8;98.89154716382504;404;Client_404;19/11/2023
4;Produit D;6;78.93191898294666;37;Client_37;30/06/2023
2;Produit B;8;47.7038263889401;64;Client_64;16/11/2023
3;Produit C;8;32.83414770298131;219;Client_219;24/03/2023
5;Produit E;7;58.202270526964156;342;Client_342;30/10/2023
1;Produit A;6;95.46524671196126;499;Client_499;19/09/2023
5;Produit E;6;30.823556605689838;389;Client_389;29/09/2023
4;Produit D;6;71.15199843508472;34;Client_34;19/07/2023
3;Produit C;8;65.09775350167271;39;Client_39;28/08/2023
1;Produit A;1;91.13689150597332;67;Client_67;29/06/2023
4;Produit D;5;35.8801200164438;209;Client_209;20/06/2023
2;Produit B;3;77.70682209206552;318;Client_318;22/10/2023
3;Produit C;8;77.60767889032941;344;Client_344;26/06/2023
4;Produit D;6;76.83560118035983;152;Client_152;25/08/2023
4;Produit D;2;95.96341464545259;387;Client_387;18/05/2023
1;Produit A;7;87.61612703048164;365;Client_365;23/11/2023
2;Produit B;7;32.93809083704542;199;Client_199;07/11/2023
4;Produit D;5;62.97579954931592;89;Client_89;09/05/2023
3;Produit C;8;57.85671393409334;248;Client_248;18/02/2023
4;Produit D;5;51.71030547635614;323;Client_323;13/06/2023
5;Produit E;1;61.59357076078681;79;Client_79;04/10/2023
3;Produit C;9;56.89359294481842;477;Client_477;20/10/2023
3;Produit C;4;60.26337299150657;434;Client_434;26/04/2023
4;Produit D;2;98.54833059260497;285;Client_285;24/01/2023
1;Produit A;4;36.20430823247065;330;Client_330;07/11/2023
3;Produit C;9;94.55616088871109;32;Client_32;25/01/2023
1;Produit A;4;73.66195718496789;39;Client_39;22/08/2023
1;Produit A;2;88.11280766323857;393;Client_393;28/07/2023
1;Produit A;5;55.23241204044788;101;Client_101;03/04/2023
3;Produit C;3;60.12953356615768;244;Client_244;04/04/2023
1;Produit A;2;58.66629361950998;232;Client_232;23/11/2023
4;Produit D;9;56.23117157750319;398;Client_398;13/08/2023
1;Produit A;5;94.78705251528265;68;Client_68;07/10/2023
2;Produit B;1;37.62999929040833;404;Client_404;25/11/2023
3;Produit C;7;59.95086603970938;270;Client_270;04/02/2023
1;Produit A;1;36.90601637129663;428;Client_428;16/08/2023
1;Produit A;9;73.33651666897838;226;Client_226;08/08/2023
4;Produit D;8;40.058412508321375;77;Client_77;21/05/2023
1;Produit A;8;66.56612847767607;223;Client_223;23/01/2023
3;Produit C;5;52.16174438888527;372;Client_372;17/08/2023
2;Produit B;3;77.40335065708588;167;Client_167;10/12/2023
1;Produit A;9;63.88272581594939;284;Client_284;21/03/2023
2;Produit B;7;98.47886401992916;192;Client_192;19/12/2023
1;Produit A;8;91.18726572463476;89;Client_89;17/10/2023
3;Produit C;6;55.13495453302059;32;Client_32;27/11/2023
3;Produit C;8;89.19384100805132;156;Client_156;08/05/2023
2;Produit B;3;93.786401722027;250;Client_250;09/07/2023
1;Produit A;7;87.44391753933257;95;Client_95;31/01/2023
2;Produit B;2;38.95649586438354;17;Client_17;25/12/2023
3;Produit C;2;48.100895508694165;471;Client_471;09/11/2023
2;Produit B;5;80.6943438965859;333;Client_333;16/03/2023
2;Produit B;7;93.56244134350051;311;Client_311;03/02/2023
5;Produit E;1;46.498098003149664;10;Client_10;25/12/2023
1;Produit A;9;93.57809882739463;80;Client_80;15/07/2023
2;Produit B;1;51.66371054364069;134;Client_134;27/11/2023
1;Produit A;8;49.68820142663322;203;Client_203;13/07/2023
1;Produit A;6;96.74050773304846;116;Client_116;16/01/2023
3;Produit C;6;33.748125562487246;451;Client_451;18/03/2023
5;Produit E;9;79.64904081688691;220;Client_220;20/10/2023
1;Produit A;4;67.24777936859026;253;Client_253;22/03/2023
3;Produit C;8;63.451395398591146;169;Client_169;04/05/2023
4;Produit D;4;45.6446019979088;335;Client_335;19/01/2023
4;Produit D;8;43.356664401241495;205;Client_205;18/03/2023
1;Produit A;7;68.69892571893378;298;Client_298;17/08/2023
5;Produit E;4;47.72717541281756;372;Client_372;24/10/2023
3;Produit C;9;96.89349658469493;248;Client_248;22/07/2023
1;Produit A;9;32.0041835684957;365;Client_365;02/03/2023
4;Produit D;7;58.984747803747155;156;Client_156;13/04/2023
1;Produit A;5;46.29111693090375;102;Client_102;22/11/2023
3;Produit C;7;64.39443631881497;13;Client_13;29/12/2023
3;Produit C;9;91.07258662809772;465;Client_465;06/06/2023
1;Produit A;2;79.84443949864195;271;Client_271;29/12/2023
1;Produit A;4;70.59733863745777;292;Client_292;25/12/2023
2;Produit B;4;36.23022245878757;220;Client_220;13/07/2023
4;Produit D;2;78.57944758724929;15;Client_15;02/10/2023
1;Produit A;3;41.64899990176579;238;Client_238;20/11/2023
1;Produit A;8;85.04571701731885;117;Client_117;05/07/2023
2;Produit B;9;47.50397309571072;331;Client_331;22/11/2023
2;Produit B;6;59.193410982463064;56;Client_56;23/04/2023
5;Produit E;2;54.532914162254954;351;Client_351;09/11/2023
3;Produit C;2;90.11697402723998;132;Client_132;14/06/2023
4;Produit D;7;38.858112109938574;483;Client_483;02/03/2023
1;Produit A;8;39.94431266101436;308;Client_308;13/10/2023
2;Produit B;6;79.33570852925307;475;Client_475;02/06/2023
3;Produit C;8;93.35546894561368;394;Client_394;13/08/2023
3;Produit C;9;64.16645821854831;173;Client_173;12/07/2023
2;Produit B;1;94.91959855379336;340;Client_340;25/04/2023
5;Produit E;3;66.469397205455;285;Client_285;19/09/2023
3;Produit C;5;70.48303718930129;157;Client_157;10/01/2023
2;Produit B;9;78.24608154540664;151;Client_151;02/04/2023
1;Produit A;9;37.481836256092194;185;Client_185;19/05/2023
5;Produit E;6;87.47773694190613;178;Client_178;29/11/2023
1;Produit A;1;60.485351921728146;21;Client_21;23/12/2023
2;Produit B;7;35.064395692823986;112;Client_112;06/12/2023
5;Produit E;9;56.38649801803905;138;Client_138;14/07/2023
1;Produit A;7;37.02572465665378;233;Client_233;25/07/2023
4;Produit D;4;74.36453276802754;332;Client_332;14/10/2023
1;Produit A;7;91.60919474035492;30;Client_30;03/04/2023
1;Produit A;2;92.14274565897904;381;Client_381;05/11/2023
4;Produit D;6;97.03644323662812;307;Client_307;25/05/2023
2;Produit B;6;90.73938218366817;161;Client_161;27/03/2023
2;Produit B;2;30.149864354183265;402;Client_402;02/06/2023
3;Produit C;8;87.2979805933852;278;Client_278;08/12/2023
3;Produit C;8;55.637710419893196;320;Client_320;17/09/2023
3;Produit C;8;72.44218631621723;385;Client_385;06/01/2023
1;Produit A;1;55.55177128271761;497;Client_497;29/05/2023
1;Produit A;2;93.31317490969013;363;Client_363;24/07/2023
4;Produit D;4;65.22598417702824;372;Client_372;28/04/2023
4;Produit D;9;62.534894415625054;380;Client_380;30/03/2023
1;Produit A;8;65.91485960044066;438;Client_438;27/09/2023
3;Produit C;7;86.98117148639511;214;Client_214;25/02/2023
5;Produit E;3;84.3802228828797;32;Client_32;16/08/2023
5;Produit E;6;85.20072355759297;186;Client_186;03/12/2023
1;Produit A;5;79.56166487985382;174;Client_174;29/05/2023
1;Produit A;4;47.79524803466818;54;Client_54;15/02/2023
1;Produit A;1;90.3458860088162;161;Client_161;24/05/2023
3;Produit C;7;92.54104257633855;250;Client_250;26/08/2023
5;Produit E;8;43.59068876329843;489;Client_489;29/09/2023
2;Produit B;2;39.13189455859757;251;Client_251;30/04/2023
2;Produit B;7;98.29234780123784;423;Client_423;06/12/2023
5;Produit E;6;90.78267745552574;279;Client_279;08/08/2023
5;Produit E;4;92.04634692370766;183;Client_183;10/12/2023
5;Produit E;2;67.91807768236099;2;Client_2;02/10/2023
3;Produit C;6;75.24812156660599;194;Client_194;19/12/2023
2;Produit B;5;68.17539964935492;166;Client_166;07/03/2023
4;Produit D;2;33.58444444332304;247;Client_247;20/03/2023
2;Produit B;7;82.18521597469409;499;Client_499;27/03/2023
2;Produit B;6;65.37324233351163;413;Client_413;04/05/2023
1;Produit A;9;75.33963523531608;244;Client_244;21/07/2023
1;Produit A;1;49.50996005988043;487;Client_487;01/04/2023
3;Produit C;5;41.119688436076906;71;Client_71;21/05/2023
3;Produit C;9;43.69664069377397;164;Client_164;16/10/2023
4;Produit D;7;98.10841662942134;285;Client_285;06/08/2023
3;Produit C;6;40.717941204053886;375;Client_375;18/03/2023
3;Produit C;6;48.84892970136454;421;Client_421;30/11/2023
2;Produit B;1;72.71250033656493;228;Client_228;19/11/2023
3;Produit C;4;40.77818908206804;471;Client_471;27/08/2023
3;Produit C;1;85.56021980496486;301;Client_301;25/04/2023
1;Produit A;6;84.96420075389776;16;Client_16;15/11/2023
4;Produit D;4;46.61223929427238;496;Client_496;04/04/2023
1;Produit A;1;50.20664118728223;31;Client_31;17/02/2023
5;Produit E;9;95.65915058216478;162;Client_162;10/07/2023
2;Produit B;4;87.79700121856347;306;Client_306;12/01/2023
4;Produit D;6;78.84579231437667;193;Client_193;05/06/2023
1;Produit A;7;35.75632550574204;210;Client_210;21/06/2023
3;Produit C;8;59.278485663180305;378;Client_378;23/10/2023
3;Produit C;9;69.1511310453779;446;Client_446;26/06/2023
4;Produit D;9;43.118790158864385;232;Client_232;07/12/2023
3;Produit C;8;61.375860747575715;427;Client_427;26/02/2023
1;Produit A;3;72.0718114242083;184;Client_184;09/12/2023
1;Produit A;2;52.91636760807795;15;Client_15;06/12/2023
3;Produit C;5;84.66613732653411;432;Client_432;22/07/2023
3;Produit C;1;88.83147071471637;305;Client_305;04/07/2023
2;Produit B;1;88.70600081447199;172;Client_172;14/08/2023
4;Produit D;3;37.250359627211054;266;Client_266;21/07/2023
1;Produit A;4;88.64103690358594;20;Client_20;26/11/2023
4;Produit D;7;40.69253021673316;70;Client_70;29/12/2023
5;Produit E;5;35.80490067568083;8;Client_8;22/12/2023
1;Produit A;5;74.92427831087079;429;Client_429;04/08/2023
3;Produit C;4;55.423243726359445;179;Client_179;04/06/2023
4;Produit D;5;50.10065844063401;246;Client_246;05/07/2023
4;Produit D;2;65.05144343009388;490;Client_490;06/09/2023
3;Produit C;1;61.91623300380629;260;Client_260;25/08/2023
4;Produit D;9;54.10996323520318;108;Client_108;20/10/2023
3;Produit C;2;78.561890908883;242;Client_242;14/05/2023
1;Produit A;6;83.16932837397358;423;Client_423;17/11/2023
5;Produit E;1;98.099962329724;24;Client_24;27/12/2023
4;Produit D;9;48.665933449275315;216;Client_216;29/03/2023
2;Produit B;4;80.1265437742973;55;Client_55;02/06/2023
3;Produit C;5;77.39573803657757;281;Client_281;20/03/2023
2;Produit B;7;63.31871832444542;292;Client_292;12/12/2023
2;Produit B;1;99.56411719375521;327;Client_327;20/02/2023
5;Produit E;6;81.02314950535249;458;Client_458;04/08/2023
5;Produit E;1;88.447868463683;495;Client_495;24/12/2023
3;Produit C;9;93.20307078143597;12;Client_12;10/09/2023
2;Produit B;3;87.00934380502724;129;Client_129;03/09/2023
4;Produit D;1;62.141139126313796;372;Client_372;15/08/2023
3;Produit C;1;47.625191734281906;434;Client_434;16/04/2023
1;Produit A;6;55.92241228153655;409;Client_409;12/07/2023
5;Produit E;6;31.416536284796532;208;Client_208;12/11/2023
2;Produit B;1;66.6795217225267;133;Client_133;29/10/2023
3;Produit C;3;65.35404601892861;339;Client_339;05/02/2023
1;Produit A;7;66.76753253813418;196;Client_196;23/07/2023
3;Produit C;3;98.18218574804447;262;Client_262;24/09/2023
3;Produit C;3;93.80178024183874;282;Client_282;25/09/2023
4;Produit D;3;41.31989448310756;369;Client_369;19/06/2023
4;Produit D;7;55.821776508912244;103;Client_103;08/02/2023
3;Produit C;4;59.676932562428334;120;Client_120;19/05/2023
1;Produit A;4;55.23730424961534;183;Client_183;19/10/2023
2;Produit B;3;85.89471745227391;423;Client_423;21/02/2023
2;Produit B;9;66.68263689073109;9;Client_9;14/10/2023
5;Produit E;2;70.04698718801376;45;Client_45;16/10/2023
2;Produit B;8;86.4149707390751;270;Client_270;26/05/2023
3;Produit C;6;39.25480659742098;112;Client_112;10/11/2023
3;Produit C;7;79.9740208858544;55;Client_55;03/07/2023
4;Produit D;7;60.48052902314249;393;Client_393;01/06/2023
4;Produit D;2;50.62542321437503;15;Client_15;20/07/2023
2;Produit B;6;64.10746922418157;178;Client_178;14/10/2023
3;Produit C;3;54.8805676507172;127;Client_127;07/11/2023
2;Produit B;9;47.60591277734805;117;Client_117;10/09/2023
1;Produit A;4;78.62702107178703;340;Client_340;23/09/2023
2;Produit B;2;83.86397711209109;72;Client_72;07/07/2023
1;Produit A;6;47.135266332059736;352;Client_352;18/08/2023
4;Produit D;1;33.46132056755431;111;Client_111;28/09/2023
4;Produit D;6;89.41268903956646;149;Client_149;16/09/2023
5;Produit E;1;30.697181884301234;185;Client_185;26/10/2023
2;Produit B;8;95.59787457450304;105;Client_105;17/07/2023
2;Produit B;5;73.9333911787894;147;Client_147;19/11/2023
1;Produit A;6;52.52926446409242;221;Client_221;25/02/2023
4;Produit D;2;47.253453670371535;314;Client_314;15/11/2023
1;Produit A;2;30.630396498513267;351;Client_351;22/07/2023
4;Produit D;9;46.482999190761404;374;Client_374;28/09/2023
1;Produit A;3;39.640981106199874;6;Client_6;19/04/2023
4;Produit D;6;72.8516354506202;260;Client_260;26/04/2023
1;Produit A;5;41.65819120156609;299;Client_299;02/04/2023
4;Produit D;4;67.00408862756335;349;Client_349;18/05/2023
1;Produit A;2;71.30814956411297;42;Client_42;30/10/2023
2;Produit B;8;50.862918884284014;259;Client_259;26/02/2023
1;Produit A;2;32.607771642993725;492;Client_492;12/03/2023
2;Produit B;8;81.73872669955824;271;Client_271;15/04/2023
2;Produit B;7;52.260679337000866;47;Client_47;29/03/2023
4;Produit D;1;85.74101301773645;85;Client_85;02/01/2023
5;Produit E;5;60.22129766899944;174;Client_174;26/12/2023
3;Produit C;2;61.70986705809747;58;Client_58;25/03/2023
4;Produit D;6;65.90178217567016;479;Client_479;12/02/2023
1;Produit A;7;49.14520060807949;209;Client_209;23/11/2023
1;Produit A;3;38.511114467346886;248;Client_248;04/04/2023
2;Produit B;7;68.9240134634023;211;Client_211;25/10/2023
3;Produit C;5;52.88843362699175;39;Client_39;13/05/2023
1;Produit A;8;60.97439195676262;252;Client_252;06/03/2023
5;Produit E;8;75.28626958361139;131;Client_131;17/10/2023
5;Produit E;7;64.58880187988893;414;Client_414;14/09/2023
1;Produit A;6;73.41951719705901;291;Client_291;01/08/2023
2;Produit B;9;79.4155632398134;413;Client_413;29/05/2023
3;Produit C;2;67.39329242660335;434;Client_434;29/03/2023
2;Produit B;1;77.52321146017948;446;Client_446;20/11/2023
3;Produit C;5;91.1491721590829;52;Client_52;05/10/2023
3;Produit C;3;58.89341509241555;14;Client_14;09/05/2023
5;Produit E;8;83.49719345966662;419;Client_419;13/10/2023
5;Produit E;7;70.77876859293958;156;Client_156;19/12/2023
2;Produit B;2;34.970474615581196;442;Client_442;07/10/2023
2;Produit B;7;92.44784109837569;30;Client_30;27/09/2023
4;Produit D;1;32.154817156634806;90;Client_90;19/10/2023
1;Produit A;9;82.38774493468202;391;Client_391;22/07/2023
4;Produit D;7;83.1155899893019;167;Client_167;24/01/2023
4;Produit D;6;96.71777596973513;351;Client_351;17/12/2023
3;Produit C;2;33.78940858816245;69;Client_69;07/11/2023
5;Produit E;3;71.77998025491436;163;Client_163;27/07/2023
5;Produit E;1;59.9488399438937;242;Client_242;07/10/2023
5;Produit E;5;53.14430684016794;495;Client_495;24/07/2023
1;Produit A;9;36.322299220935115;383;Client_383;01/06/2023
3;Produit C;6;69.38578837699164;52;Client_52;26/01/2023
3;Produit C;5;63.532850797222956;142;Client_142;13/07/2023
5;Produit E;3;37.318812070571695;63;Client_63;02/12/2023
4;Produit D;5;72.87426549679583;292;Client_292;26/08/2023
1;Produit A;8;81.65671841770569;91;Client_91;17/11/2023
4;Produit D;2;83.70948107375537;152;Client_152;16/03/2023
2;Produit B;5;93.37612317836991;424;Client_424;12/06/2023
3;Produit C;6;58.662951932214405;157;Client_157;26/10/2023
3;Produit C;8;96.71509380354959;309;Client_309;29/01/2023
4;Produit D;8;90.58005835578803;365;Client_365;14/06/2023
1;Produit A;5;50.755109971675736;150;Client_150;03/12/2023
3;Produit C;9;41.14981261446209;328;Client_328;05/07/2023
4;Produit D;4;60.477257728960936;271;Client_271;23/02/2023
1;Produit A;9;58.13290955691767;369;Client_369;22/10/2023
4;Produit D;7;70.3003513731843;69;Client_69;11/02/2023
1;Produit A;6;70.83703626294236;116;Client_116;12/10/2023
1;Produit A;2;65.69229637439271;4;Client_4;06/07/2023
2;Produit B;8;37.337584865853586;75;Client_75;23/07/2023
4;Produit D;3;51.6835208229631;298;Client_298;16/12/2023
5;Produit E;7;97.99082222146144;241;Client_241;15/10/2023
4;Produit D;6;97.07758205627522;143;Client_143;25/02/2023
4;Produit D;2;36.37082648177619;326;Client_326;10/09/2023
2;Produit B;8;46.17252965629416;183;Client_183;02/05/2023
4;Produit D;1;33.26059594605791;437;Client_437;16/04/2023
3;Produit C;1;79.35792026472964;16;Client_16;10/05/2023
3;Produit C;6;89.52091156002543;111;Client_111;03/12/2023
2;Produit B;5;60.38497572711863;360;Client_360;07/06/2023
1;Produit A;9;94.99654525297008;201;Client_201;19/08/2023
1;Produit A;7;71.32093502289197;107;Client_107;04/11/2023
3;Produit C;2;74.10049948125663;379;Client_379;01/04/2023
4;Produit D;7;89.1793441190539;162;Client_162;22/01/2023
2;Produit B;3;50.776014353628725;283;Client_283;17/10/2023
1;Produit A;1;54.7986004929338;269;Client_269;20/04/2023
1;Produit A;8;93.4166343436251;484;Client_484;18/02/2023
3;Produit C;8;98.35379433406096;73;Client_73;14/03/2023
4;Produit D;7;93.12868215091697;197;Client_197;06/12/2023
2;Produit B;2;38.91604252233526;243;Client_243;22/02/2023
1;Produit A;1;87.66070002958912;86;Client_86;22/12/2023
3;Produit C;1;99.35609491621565;259;Client_259;14/02/2023
3;Produit C;6;63.05966750301607;286;Client_286;15/04/2023
2;Produit B;8;68.76852577515544;149;Client_149;30/05/2023
1;Produit A;7;67.0842440679759;355;Client_355;26/05/2023
2;Produit B;4;52.521592090079444;390;Client_390;23/07/2023
2;Produit B;1;35.251546222504274;476;Client_476;28/12/2023
5;Produit E;1;92.6955861281343;416;Client_416;26/10/2023
3;Produit C;4;86.18730687684007;426;Client_426;16/06/2023
4;Produit D;5;39.76687463917685;485;Client_485;20/07/2023
3;Produit C;7;84.3737789945051;190;Client_190;14/05/2023
3;Produit C;4;73.8092666235427;217;Client_217;30/07/2023
4;Produit D;7;47.78148043668939;355;Client_355;06/05/2023
1;Produit A;2;90.18101484515627;86;Client_86;27/08/2023
4;Produit D;2;79.01317815058371;216;Client_216;07/01/2023
1;Produit A;8;68.34179366283958;423;Client_423;29/09/2023
4;Produit D;5;72.66979737289249;320;Client_320;06/02/2023
2;Produit B;2;36.37463274575267;118;Client_118;30/07/2023
4;Produit D;5;63.17438326378343;414;Client_414;14/06/2023
1;Produit A;6;44.58685753061778;370;Client_370;03/12/2023
3;Produit C;3;76.29127736008067;480;Client_480;11/07/2023
5;Produit E;8;93.78793062840018;415;Client_415;06/08/2023
1;Produit A;9;58.26296273348426;87;Client_87;02/08/2023
1;Produit A;5;44.542449110853326;40;Client_40;03/03/2023
3;Produit C;2;75.4122856065658;161;Client_161;24/11/2023
2;Produit B;2;90.98309324452225;191;Client_191;10/06/2023
3;Produit C;1;90.8130061375611;420;Client_420;13/10/2023
3;Produit C;2;67.55882697075594;152;Client_152;27/08/2023
2;Produit B;4;82.63133710584336;95;Client_95;20/01/2023
5;Produit E;1;39.804519155125554;442;Client_442;07/07/2023
3;Produit C;4;54.379223075423404;423;Client_423;23/03/2023
2;Produit B;5;57.26844151370657;46;Client_46;29/12/2023
5;Produit E;9;65.79070223722242;461;Client_461;21/07/2023
4;Produit D;1;95.03534521797766;138;Client_138;12/05/2023
1;Produit A;5;91.2007592155522;471;Client_471;06/02/2023
2;Produit B;2;39.416784460242916;466;Client_466;12/05/2023
1;Produit A;9;42.095275631772424;288;Client_288;18/03/2023
4;Produit D;6;55.03483847122379;353;Client_353;30/03/2023
3;Produit C;2;50.35207061234718;164;Client_164;10/09/2023
3;Produit C;3;73.03396672093837;412;Client_412;10/12/2023
5;Produit E;8;93.19432334351814;400;Client_400;13/07/2023
2;Produit B;1;97.36040791708108;16;Client_16;25/06/2023
2;Produit B;3;75.75220667746586;18;Client_18;02/02/2023
1;Produit A;8;66.7641540161558;490;Client_490;20/07/2023
3;Produit C;1;44.58288628020278;464;Client_464;28/01/2023
3;Produit C;5;66.72818884654342;247;Client_247;04/02/2023
2;Produit B;4;68.85578210063558;248;Client_248;05/05/2023
2;Produit B;7;81.97202949494897;331;Client_331;17/11/2023
4;Produit D;8;55.78172674607122;1;Client_1;26/03/2023
1;Produit A;1;55.48192284501964;190;Client_190;07/07/2023
4;Produit D;5;97.16077170188154;381;Client_381;21/04/2023
4;Produit D;4;61.076147222870325;460;Client_460;28/09/2023
2;Produit B;3;82.85657771087025;294;Client_294;21/11/2023
2;Produit B;5;82.55679669621074;476;Client_476;15/04/2023
2;Produit B;3;48.5880929362269;45;Client_45;16/11/2023
4;Produit D;8;70.03087825602125;442;Client_442;10/02/2023
1;Produit A;3;92.60120253230536;337;Client_337;03/08/2023
2;Produit B;1;63.26384036198646;385;Client_385;12/03/2023
3;Produit C;9;96.15822551397822;32;Client_32;25/02/2023
1;Produit A;9;45.01207605269131;392;Client_392;24/08/2023
3;Produit C;6;35.19113740418215;118;Client_118;08/10/2023
1;Produit A;1;92.40177112013245;296;Client_296;15/04/2023
2;Produit B;8;89.33768385735516;184;Client_184;11/06/2023
5;Produit E;2;99.48129131536913;191;Client_191;10/07/2023
2;Produit B;9;77.55754416786982;235;Client_235;09/01/2023
4;Produit D;8;95.56815486670047;238;Client_238;01/03/2023
4;Produit D;3;87.88643175588776;216;Client_216;01/11/2023
1;Produit A;5;89.10984331840608;74;Client_74;13/08/2023
4;Produit D;9;69.83990993179879;111;Client_111;03/11/2023
2;Produit B;1;56.76552185416976;103;Client_103;07/07/2023
3;Produit C;9;95.41906507802973;359;Client_359;11/03/2023
2;Produit B;4;60.24820229311261;74;Client_74;20/10/2023
1;Produit A;4;67.71735570747683;420;Client_420;14/10/2023
4;Produit D;4;61.22800149876314;473;Client_473;18/06/2023
3;Produit C;9;69.5372819772138;252;Client_252;03/03/2023
5;Produit E;6;62.9353555294629;114;Client_114;15/12/2023
3;Produit C;8;33.35772910056331;379;Client_379;14/01/2023
3;Produit C;4;91.74337302053891;313;Client_313;13/06/2023
2;Produit B;3;61.10756732410388;330;Client_330;02/09/2023
5;Produit E;1;71.22605539551441;339;Client_339;01/12/2023
1;Produit A;7;39.74314619305909;238;Client_238;08/01/2023
1;Produit A;4;30.23714935878474;173;Client_173;03/06/2023
3;Produit C;8;47.17030655505501;79;Client_79;05/02/2023
3;Produit C;3;79.32102224933452;464;Client_464;17/02/2023
4;Produit D;1;36.9436171079015;386;Client_386;26/03/2023
3;Produit C;2;45.051579854932925;452;Client_452;15/07/2023
4;Produit D;3;44.3215530004243;50;Client_50;27/07/2023
5;Produit E;6;42.705557313504684;285;Client_285;23/07/2023
1;Produit A;3;30.978719907995533;223;Client_223;03/11/2023
4;Produit D;3;84.02638279347642;81;Client_81;14/04/2023
5;Produit E;6;91.2524171871681;266;Client_266;18/08/2023
4;Produit D;5;72.99138918313392;155;Client_155;11/04/2023
3;Produit C;9;43.173998717590365;373;Client_373;29/01/2023
2;Produit B;1;49.96945978586158;233;Client_233;07/05/2023
1;Produit A;3;63.31486881554743;399;Client_399;04/12/2023
3;Produit C;3;96.80421661363106;316;Client_316;10/01/2023
3;Produit C;6;47.314596027242;236;Client_236;16/04/2023
4;Produit D;3;60.76137563050442;405;Client_405;14/09/2023
1;Produit A;3;50.849314385201524;316;Client_316;22/10/2023
3;Produit C;6;61.91411559154796;251;Client_251;04/10/2023
1;Produit A;6;85.90811596512538;425;Client_425;28/09/2023
4;Produit D;3;47.0311349588077;430;Client_430;07/07/2023
3;Produit C;4;80.77884862350794;301;Client_301;13/11/2023
3;Produit C;1;34.78438600137363;380;Client_380;18/05/2023
3;Produit C;8;96.85689893159802;282;Client_282;09/12/2023
1;Produit A;4;43.511048978398904;102;Client_102;15/04/2023
1;Produit A;6;91.79194533449564;51;Client_51;03/02/2023
1;Produit A;3;86.6631246730804;420;Client_420;20/04/2023
1;Produit A;6;97.75019468569911;52;Client_52;02/02/2023
5;Produit E;9;63.452346266202476;209;Client_209;20/12/2023
2;Produit B;9;80.91781056921661;307;Client_307;19/08/2023
5;Produit E;3;55.949745992644885;131;Client_131;13/11/2023
3;Produit C;3;42.90577666137857;270;Client_270;23/09/2023
5;Produit E;4;61.01531530534142;433;Client_433;01/07/2023
4;Produit D;7;41.60243107719184;205;Client_205;06/12/2023
1;Produit A;3;98.74312359504688;489;Client_489;06/03/2023
4;Produit D;8;36.73725437985014;219;Client_219;29/11/2023
4;Produit D;8;71.24482064168342;257;Client_257;01/01/2023
3;Produit C;6;73.85246986778391;185;Client_185;13/05/2023
1;Produit A;4;67.6655680011838;145;Client_145;21/03/2023
4;Produit D;5;76.35301199982834;496;Client_496;28/09/2023
3;Produit C;2;38.13265425083237;178;Client_178;29/08/2023
1;Produit A;6;68.85129669437038;482;Client_482;28/01/2023
2;Produit B;3;50.10487997891531;14;Client_14;11/08/2023
3;Produit C;6;95.81232443107396;246;Client_246;23/01/2023
1;Produit A;2;98.07601375118199;337;Client_337;17/04/2023
4;Produit D;5;32.62892488181327;259;Client_259;25/05/2023
4;Produit D;5;49.95932226264961;354;Client_354;20/12/2023
5;Produit E;8;30.780821111828136;89;Client_89;11/10/2023
4;Produit D;7;46.9628011172425;125;Client_125;25/10/2023
1;Produit A;3;77.51431884643003;450;Client_450;09/04/2023
3;Produit C;4;46.1762245494198;418;Client_418;13/11/2023
5;Produit E;3;92.1472680475499;351;Client_351;16/11/2023
5;Produit E;9;78.56305442443526;9;Client_9;14/10/2023
2;Produit B;8;57.624034893422234;350;Client_350;22/03/2023
1;Produit A;6;56.072825723847586;84;Client_84;10/01/2023
1;Produit A;4;61.901506980593936;21;Client_21;08/01/2023
1;Produit A;7;42.392900874193444;477;Client_477;24/07/2023
1;Produit A;3;74.38005371911916;281;Client_281;11/11/2023
1;Produit A;8;55.49069733732239;358;Client_358;16/07/2023
4;Produit D;1;89.66557444834305;378;Client_378;17/07/2023
4;Produit D;5;72.7359214864512;25;Client_25;20/01/2023
2;Produit B;5;55.494155585466125;393;Client_393;17/02/2023
3;Produit C;2;44.69522821714391;103;Client_103;10/05/2023
5;Produit E;8;84.33063048739359;190;Client_190;20/10/2023
2;Produit B;5;64.04863692937606;236;Client_236;12/05/2023
4;Produit D;7;45.73250267241502;410;Client_410;22/12/2023
3;Produit C;7;43.662223052800435;313;Client_313;23/02/2023
2;Produit B;5;41.578063315095136;37;Client_37;08/10/2023
3;Produit C;8;84.40128373439165;272;Client_272;22/09/2023
2;Produit B;9;46.029102971021814;293;Client_293;03/08/2023
4;Produit D;4;66.86495844676382;332;Client_332;17/10/2023
3;Produit C;4;61.60824526811395;152;Client_152;12/02/2023
2;Produit B;8;70.57276294597987;282;Client_282;15/03/2023
4;Produit D;1;91.40084302598359;20;Client_20;16/12/2023
5;Produit E;4;90.74231730572114;137;Client_137;05/10/2023
4;Produit D;6;61.57532502774018;471;Client_471;22/11/2023
4;Produit D;4;31.07563755143063;359;Client_359;30/08/2023
4;Produit D;5;72.43354761968982;31;Client_31;16/12/2023
5;Produit E;9;69.04353313686433;19;Client_19;13/07/2023
2;Produit B;4;75.25745691465127;491;Client_491;23/07/2023
3;Produit C;8;42.78561331206406;283;Client_283;01/01/2023
2;Produit B;4;82.53667864877244;350;Client_350;02/09/2023
3;Produit C;2;79.69268033670176;300;Client_300;02/11/2023
3;Produit C;1;33.350591923427494;163;Client_163;15/01/2023
3;Produit C;6;79.35241655843329;455;Client_455;08/01/2023
3;Produit C;9;45.88093614320459;150;Client_150;26/11/2023
2;Produit B;5;85.67009313580559;330;Client_330;15/02/2023
3;Produit C;6;74.15458131734525;255;Client_255;21/11/2023
1;Produit A;3;54.7484197943036;399;Client_399;27/05/2023
1;Produit A;4;63.77160292667823;350;Client_350;15/06/2023
1;Produit A;1;71.81445106844973;98;Client_98;19/05/2023
1;Produit A;1;78.88193267583921;132;Client_132;26/10/2023
2;Produit B;5;60.35878531748717;466;Client_466;03/10/2023
5;Produit E;8;44.159122721942126;312;Client_312;04/10/2023
5;Produit E;8;44.97536479607331;407;Client_407;04/12/2023
5;Produit E;5;30.406263819005876;97;Client_97;09/11/2023
3;Produit C;2;51.06704008910707;98;Client_98;27/06/2023
3;Produit C;6;82.42423483349637;290;Client_290;26/11/2023
3;Produit C;1;85.59138961863266;356;Client_356;20/12/2023
4;Produit D;7;44.1727279467025;227;Client_227;03/06/2023
2;Produit B;4;97.13307978099854;145;Client_145;20/07/2023
3;Produit C;1;79.47356973031418;162;Client_162;11/02/2023
5;Produit E;9;80.57033961156893;112;Client_112;04/09/2023
1;Produit A;8;45.39937888278514;185;Client_185;22/11/2023
5;Produit E;5;30.617038330613084;205;Client_205;30/11/2023
4;Produit D;8;80.12893483337163;97;Client_97;15/07/2023
3;Produit C;1;54.1106801899957;377;Client_377;31/03/2023
2;Produit B;8;85.06567612534428;55;Client_55;21/04/2023
2;Produit B;4;53.72553539559184;450;Client_450;25/12/2023
1;Produit A;2;87.35336266092028;482;Client_482;25/05/2023
2;Produit B;6;39.148877762381915;117;Client_117;02/10/2023
2;Produit B;2;42.13612097302557;93;Client_93;28/06/2023
3;Produit C;5;53.86135777087556;293;Client_293;29/08/2023
3;Produit C;2;58.594117221759134;452;Client_452;22/11/2023
4;Produit D;3;54.40919675900849;204;Client_204;15/11/2023
1;Produit A;6;83.45529227662539;282;Client_282;27/11/2023
2;Produit B;1;36.786597483870025;189;Client_189;02/06/2023
4;Produit D;6;54.58519137469416;476;Client_476;14/04/2023
1;Produit A;3;88.60679996608215;323;Client_323;16/03/2023
2;Produit B;7;34.67579540835204;84;Client_84;08/05/2023
2;Produit B;2;95.96404553699502;458;Client_458;18/07/2023
3;Produit C;6;99.0421789590409;180;Client_180;03/06/2023
1;Produit A;1;50.38907655790159;181;Client_181;05/10/2023
2;Produit B;9;56.06804662247493;447;Client_447;11/12/2023
1;Produit A;5;84.34739580569082;181;Client_181;19/01/2023
4;Produit D;5;71.71487684817137;283;Client_283;08/06/2023
4;Produit D;5;75.10559903447972;287;Client_287;26/01/2023
2;Produit B;2;38.2585299605918;106;Client_106;23/01/2023
3;Produit C;6;88.32466198371836;129;Client_129;16/02/2023
2;Produit B;4;79.39338629261007;262;Client_262;13/01/2023
1;Produit A;8;70.41392076374592;11;Client_11;05/08/2023
4;Produit D;9;92.28147343481396;162;Client_162;18/11/2023
1;Produit A;9;79.0214447718665;487;Client_487;13/07/2023
4;Produit D;3;60.08217667529667;447;Client_447;14/03/2023
3;Produit C;4;64.58300068550133;181;Client_181;05/06/2023
4;Produit D;1;33.86523387252839;213;Client_213;18/03/2023
2;Produit B;9;96.8246259352039;469;Client_469;18/06/2023
2;Produit B;5;39.000408255781494;274;Client_274;14/10/2023
4;Produit D;6;78.82228870587087;21;Client_21;26/03/2023
5;Produit E;3;65.43617252636162;275;Client_275;01/07/2023
2;Produit B;8;31.79425749190958;260;Client_260;11/11/2023
2;Produit B;7;94.73232331050532;333;Client_333;24/10/2023
3;Produit C;1;89.62857661732532;466;Client_466;22/04/2023
4;Produit D;5;66.6980549532685;116;Client_116;18/08/2023
2;Produit B;9;46.02596352976117;413;Client_413;06/04/2023
1;Produit A;8;55.43747356024886;440;Client_440;05/06/2023
4;Produit D;1;47.87997967322633;333;Client_333;15/04/2023
3;Produit C;7;65.46838407044092;254;Client_254;12/07/2023
2;Produit B;3;97.64865072864002;447;Client_447;26/11/2023
4;Produit D;6;92.29517391230685;444;Client_444;21/12/2023
5;Produit E;8;63.26725686110403;305;Client_305;27/11/2023
3;Produit C;8;89.82252939133599;321;Client_321;27/09/2023
4;Produit D;3;62.995767712109824;422;Client_422;07/02/2023
2;Produit B;2;90.80397193572527;339;Client_339;14/02/2023
3;Produit C;2;50.41037387030357;436;Client_436;12/06/2023
2;Produit B;5;39.016915163409166;257;Client_257;27/11/2023
1;Produit A;7;89.87201250540568;168;Client_168;10/09/2023
1;Produit A;8;92.2364678774272;21;Client_21;12/10/2023
5;Produit E;8;95.64790448946682;86;Client_86;01/10/2023
3;Produit C;3;33.75398732600144;15;Client_15;20/01/2023
2;Produit B;2;65.06785113012079;50;Client_50;27/08/2023
2;Produit B;4;56.247518435217046;487;Client_487;27/09/2023
3;Produit C;1;73.8100877949082;304;Client_304;06/11/2023
4;Produit D;3;85.55138380416264;487;Client_487;31/01/2023
1;Produit A;9;49.641315118205824;416;Client_416;10/11/2023
1;Produit A;7;68.97588690612201;305;Client_305;14/04/2023
2;Produit B;7;79.61100059334296;196;Client_196;19/06/2023
2;Produit B;1;39.410175798501385;364;Client_364;05/07/2023
2;Produit B;7;86.98468341658868;301;Client_301;08/05/2023
3;Produit C;7;72.42767198970812;288;Client_288;29/07/2023
4;Produit D;4;96.46762059795563;388;Client_388;08/10/2023
1;Produit A;7;53.767024339148534;245;Client_245;10/09/2023
3;Produit C;3;65.45508407258478;353;Client_353;19/07/2023
1;Produit A;2;36.00675401966072;455;Client_455;08/08/2023
4;Produit D;7;97.86685663268048;201;Client_201;16/05/2023
3;Produit C;5;32.70794707800341;193;Client_193;11/08/2023
1;Produit A;5;82.74527307751157;336;Client_336;03/01/2023
3;Produit C;5;66.75716786995707;146;Client_146;24/08/2023
1;Produit A;7;55.80344567488021;310;Client_310;08/12/2023
1;Produit A;9;34.608951515605824;127;Client_127;16/08/2023
4;Produit D;8;73.55168469215255;175;Client_175;22/05/2023
4;Produit D;7;49.66182911473199;66;Client_66;09/07/2023
1;Produit A;9;93.71551909872184;393;Client_393;16/12/2023
3;Produit C;6;51.28770051399859;452;Client_452;14/06/2023
4;Produit D;1;61.48077874144743;365;Client_365;19/05/2023
5;Produit E;4;68.06337191430589;279;Client_279;03/10/2023
1;Produit A;8;37.016231472340024;246;Client_246;18/10/2023
4;Produit D;7;95.25132034495427;363;Client_363;22/02/2023
4;Produit D;3;56.217530671572874;237;Client_237;24/06/2023
4;Produit D;3;35.654544971204054;171;Client_171;20/04/2023
4;Produit D;3;57.110382157273094;51;Client_51;22/07/2023
3;Produit C;1;72.01417829648065;328;Client_328;16/05/2023
1;Produit A;1;33.88387594475375;80;Client_80;21/06/2023
2;Produit B;5;49.91784271904393;419;Client_419;24/12/2023
3;Produit C;4;87.34614037880715;145;Client_145;16/02/2023
1;Produit A;5;35.59255814539526;274;Client_274;04/04/2023
1;Produit A;7;89.88401682871702;155;Client_155;17/02/2023
4;Produit D;6;36.432726445397435;399;Client_399;28/08/2023
2;Produit B;9;88.41179504241873;337;Client_337;13/12/2023
2;Produit B;6;55.255188075510866;363;Client_363;01/08/2023
3;Produit C;9;72.85463442800511;325;Client_325;06/12/2023
2;Produit B;4;40.70209809535987;336;Client_336;20/11/2023
1;Produit A;1;34.631810520762656;143;Client_143;19/05/2023
2;Produit B;1;45.115674281409454;298;Client_298;24/07/2023
2;Produit B;7;38.949767253608684;494;Client_494;14/03/2023
1;Produit A;2;66.00682725577141;304;Client_304;17/03/2023
2;Produit B;6;71.21316244955067;467;Client_467;25/11/2023
2;Produit B;6;85.29076751658201;392;Client_392;18/03/2023
4;Produit D;7;75.93679252738511;239;Client_239;31/10/2023
2;Produit B;5;72.6130827590687;138;Client_138;13/09/2023
2;Produit B;8;58.82474192400423;254;Client_254;12/04/2023
1;Produit A;2;59.016458057312676;372;Client_372;29/11/2023
3;Produit C;1;88.95162210429682;176;Client_176;08/02/2023
1;Produit A;9;46.10003167838799;373;Client_373;10/11/2023
4;Produit D;5;30.400465207937522;410;Client_410;02/10/2023
1;Produit A;5;75.59239280583675;214;Client_214;29/03/2023
2;Produit B;4;44.1723528547182;364;Client_364;30/07/2023
4;Produit D;2;92.30805954168665;23;Client_23;18/03/2023
1;Produit A;5;90.13324307946593;318;Client_318;18/03/2023
4;Produit D;2;35.370916034974414;13;Client_13;28/01/2023
3;Produit C;7;37.447188378985416;393;Client_393;02/09/2023
1;Produit A;9;64.66201145726664;241;Client_241;07/03/2023
2;Produit B;9;72.64558639385483;276;Client_276;23/09/2023
4;Produit D;6;49.24358362375685;92;Client_92;24/07/2023
4;Produit D;6;71.644121464321;441;Client_441;20/07/2023
5;Produit E;5;52.73768768239883;229;Client_229;13/08/2023
2;Produit B;4;31.776004162962092;152;Client_152;22/05/2023
3;Produit C;6;82.51051969089625;108;Client_108;25/03/2023
3;Produit C;6;88.41316204238399;404;Client_404;18/12/2023
4;Produit D;2;59.42031820379786;444;Client_444;02/02/2023
2;Produit B;7;70.39542098422358;176;Client_176;01/06/2023
4;Produit D;9;90.45361006439674;286;Client_286;21/05/2023
1;Produit A;2;56.00637026705013;364;Client_364;08/09/2023
4;Produit D;5;44.62222249003902;329;Client_329;30/10/2023
3;Produit C;4;84.26022544100164;365;Client_365;22/04/2023
2;Produit B;9;60.31561425214918;241;Client_241;24/05/2023
2;Produit B;4;43.44293954913029;145;Client_145;28/07/2023
4;Produit D;8;93.30977396220052;356;Client_356;12/08/2023
1;Produit A;8;43.86729359687612;14;Client_14;12/02/2023
3;Produit C;6;31.806501773386174;275;Client_275;21/09/2023
4;Produit D;6;31.4195981637194;71;Client_71;01/09/2023
4;Produit D;8;73.56207495179851;315;Client_315;03/01/2023
2;Produit B;9;76.31725425022712;195;Client_195;05/05/2023
3;Produit C;5;51.772919353988875;353;Client_353;25/09/2023
1;Produit A;1;52.400769247294434;300;Client_300;25/03/2023
2;Produit B;1;53.76457405419599;416;Client_416;16/01/2023
4;Produit D;2;77.61109827312151;367;Client_367;30/11/2023
2;Produit B;5;34.069365371878;11;Client_11;28/02/2023
2;Produit B;4;95.03814468839279;106;Client_106;26/06/2023
2;Produit B;4;99.97712436694646;474;Client_474;18/02/2023
2;Produit B;4;42.00658856510309;381;Client_381;03/11/2023
3;Produit C;4;84.00825201186643;196;Client_196;03/09/2023
2;Produit B;1;45.638878145073754;145;Client_145;16/10/2023
1;Produit A;9;35.65927611502778;465;Client_465;13/10/2023
4;Produit D;3;91.24533270454542;220;Client_220;28/11/2023
3;Produit C;4;90.11258814336243;350;Client_350;15/01/2023
2;Produit B;5;58.24992747147209;424;Client_424;04/12/2023
1;Produit A;7;79.16772997782988;471;Client_471;12/09/2023
4;Produit D;6;68.9946152878742;174;Client_174;02/04/2023
3;Produit C;5;89.7069279571624;216;Client_216;06/10/2023
1;Produit A;8;52.05391785230581;93;Client_93;25/07/2023
2;Produit B;1;66.65706799992896;260;Client_260;04/04/2023
5;Produit E;7;63.97606598431853;422;Client_422;13/08/2023
5;Produit E;6;54.773407837980116;63;Client_63;28/10/2023
3;Produit C;5;92.40185451894607;29;Client_29;14/11/2023
1;Produit A;7;41.61145472637749;275;Client_275;18/07/2023
4;Produit D;3;40.465604766448735;347;Client_347;28/09/2023
1;Produit A;1;70.38366747259259;285;Client_285;22/08/2023
3;Produit C;2;43.623347802719564;419;Client_419;05/03/2023
2;Produit B;3;57.35022095782369;372;Client_372;18/08/2023
1;Produit A;8;96.25946900851206;70;Client_70;06/09/2023
5;Produit E;9;47.263219588347184;379;Client_379;03/09/2023
4;Produit D;3;76.78524914821759;279;Client_279;16/03/2023
3;Produit C;6;81.81045755883136;231;Client_231;06/06/2023
2;Produit B;7;61.36900896256117;302;Client_302;11/08/2023
1;Produit A;1;95.62681907317081;255;Client_255;09/07/2023
4;Produit D;7;81.56597146531533;172;Client_172;21/02/2023
2;Produit B;4;62.054720590262846;432;Client_432;29/03/2023
5;Produit E;5;69.85346412432658;180;Client_180;09/11/2023
5;Produit E;8;78.48294103975704;264;Client_264;05/12/2023
4;Produit D;4;71.45331263004528;183;Client_183;07/03/2023
3;Produit C;8;54.98220635962808;205;Client_205;20/01/2023
4;Produit D;5;50.99200180390635;424;Client_424;02/02/2023
5;Produit E;6;44.9687222646685;249;Client_249;24/11/2023
1;Produit A;5;32.64480776452166;213;Client_213;08/10/2023
3;Produit C;7;90.9038635176498;500;Client_500;14/03/2023
2;Produit B;6;77.48752024841352;432;Client_432;20/12/2023
2;Produit B;2;76.23726908055403;100;Client_100;09/11/2023
5;Produit E;7;73.02499732544203;317;Client_317;09/12/2023
2;Produit B;6;89.44534012858733;112;Client_112;13/05/2023
3;Produit C;8;90.92875799908103;166;Client_166;02/03/2023
2;Produit B;5;55.161151832756744;475;Client_475;11/12/2023
1;Produit A;2;94.86952530373634;36;Client_36;08/01/2023
5;Produit E;6;78.90598860568682;112;Client_112;29/09/2023
2;Produit B;1;48.002399521709904;87;Client_87;03/09/2023
3;Produit C;5;69.48594451820375;183;Client_183;25/06/2023
3;Produit C;6;67.31213930417789;85;Client_85;26/04/2023
1;Produit A;7;39.65291752112338;269;Client_269;13/11/2023
3;Produit C;2;71.38700340254299;165;Client_165;28/09/2023
3;Produit C;1;52.034993660187055;303;Client_303;12/07/2023
2;Produit B;6;33.66441367667217;90;Client_90;30/05/2023
4;Produit D;5;74.90432583450016;455;Client_455;12/04/2023
3;Produit C;2;91.38432523095929;238;Client_238;06/11/2023
3;Produit C;1;77.32392035092772;487;Client_487;27/09/2023
4;Produit D;1;54.98885844980791;22;Client_22;19/10/2023
3;Produit C;4;65.8881650630168;167;Client_167;29/07/2023
2;Produit B;2;77.3022732243024;215;Client_215;27/12/2023
2;Produit B;1;97.21766276410062;58;Client_58;04/12/2023
4;Produit D;6;47.756862138518756;30;Client_30;08/03/2023
3;Produit C;4;91.24839410368824;402;Client_402;10/01/2023
3;Produit C;7;94.68544637059885;106;Client_106;18/02/2023
3;Produit C;5;95.18866391809365;494;Client_494;17/11/2023
2;Produit B;2;57.851501123415794;330;Client_330;07/08/2023
1;Produit A;5;96.71113232283099;167;Client_167;26/02/2023
1;Produit A;9;79.19480140161824;350;Client_350;10/10/2023
1;Produit A;9;32.94040371931683;154;Client_154;23/04/2023
1;Produit A;2;93.48109822733369;327;Client_327;13/05/2023
3;Produit C;7;63.91309663232348;7;Client_7;12/03/2023
3;Produit C;4;62.2228889344483;197;Client_197;24/03/2023
3;Produit C;1;40.456918273985956;46;Client_46;15/12/2023
1;Produit A;3;62.8416233997179;18;Client_18;28/09/2023
4;Produit D;9;88.17890517024219;397;Client_397;21/04/2023
4;Produit D;9;31.083772139626074;153;Client_153;23/12/2023
2;Produit B;7;49.104201222705996;488;Client_488;17/03/2023
2;Produit B;3;30.171821051069095;264;Client_264;07/06/2023
3;Produit C;3;59.099791640489386;74;Client_74;20/01/2023
4;Produit D;4;80.98208573456142;416;Client_416;11/05/2023
1;Produit A;7;85.91402803802399;145;Client_145;25/11/2023
1;Produit A;7;96.16328327889046;102;Client_102;02/05/2023
1;Produit A;2;72.59532290795505;335;Client_335;10/02/2023
3;Produit C;5;47.82388066570268;335;Client_335;16/06/2023
3;Produit C;7;94.69035643956893;121;Client_121;10/05/2023
1;Produit A;6;70.20999381022011;63;Client_63;06/10/2023
1;Produit A;8;78.69481510032551;296;Client_296;08/09/2023
3;Produit C;3;94.70214485052004;499;Client_499;09/01/2023
3;Produit C;1;79.86758199310452;84;Client_84;13/01/2023
5;Produit E;3;55.78621553093138;15;Client_15;03/11/2023
5;Produit E;2;79.91197416023677;355;Client_355;16/11/2023
2;Produit B;2;32.81947139147715;134;Client_134;21/02/2023
4;Produit D;2;57.04908932814068;478;Client_478;28/07/2023
1;Produit A;5;58.442612229190544;121;Client_121;07/02/2023
1;Produit A;1;41.678676409458426;319;Client_319;10/04/2023
5;Produit E;4;31.615983638623913;392;Client_392;12/07/2023
5;Produit E;5;39.336686564641994;479;Client_479;10/07/2023
2;Produit B;2;75.82350470579385;128;Client_128;20/02/2023
4;Produit D;5;86.16021714545812;368;Client_368;21/05/2023
2;Produit B;4;99.17424449088819;367;Client_367;17/06/2023
4;Produit D;8;54.2454452175946;288;Client_288;07/11/2023
1;Produit A;1;71.95654555827713;301;Client_301;19/04/2023
2;Produit B;5;95.60014767705853;378;Client_378;26/07/2023
5;Produit E;1;41.69292469367068;180;Client_180;27/10/2023
2;Produit B;4;80.23519104399199;463;Client_463;20/04/2023
2;Produit B;8;82.84851132044142;82;Client_82;15/07/2023
1;Produit A;1;36.22828751085369;13;Client_13;01/06/2023
5;Produit E;2;90.28745696281456;24;Client_24;31/08/2023
3;Produit C;7;32.33821046042041;270;Client_270;15/04/2023
3;Produit C;2;36.375909041603606;476;Client_476;10/01/2023
3;Produit C;1;33.43888257242966;459;Client_459;22/12/2023
1;Produit A;6;53.43204722595536;70;Client_70;28/05/2023
2;Produit B;6;65.65022934759483;318;Client_318;31/12/2023
5;Produit E;2;67.26434095682401;376;Client_376;30/12/2023
2;Produit B;3;93.81178205921918;189;Client_189;09/07/2023
2;Produit B;6;33.188510917574675;217;Client_217;17/08/2023
1;Produit A;3;51.01589780789705;450;Client_450;04/03/2023
1;Produit A;9;67.17765957809088;382;Client_382;06/12/2023
1;Produit A;5;58.575527581176246;32;Client_32;25/01/2023
2;Produit B;2;49.16897633694814;141;Client_141;25/09/2023
2;Produit B;6;39.19262748350222;161;Client_161;08/10/2023
4;Produit D;8;87.34151500673607;32;Client_32;11/01/2023
5;Produit E;6;99.73016694869344;312;Client_312;16/11/2023
5;Produit E;4;53.067949346671746;152;Client_152;20/07/2023
4;Produit D;6;56.71347309236228;347;Client_347;06/05/2023
4;Produit D;8;73.26262672738699;260;Client_260;02/11/2023
1;Produit A;8;80.2909032314879;216;Client_216;09/07/2023
4;Produit D;2;57.44206743625139;279;Client_279;30/03/2023
2;Produit B;8;93.34506618872706;285;Client_285;21/12/2023
3;Produit C;6;69.20027924602428;98;Client_98;26/04/2023
2;Produit B;2;61.52730534841517;405;Client_405;18/12/2023
4;Produit D;1;75.26709272119336;30;Client_30;26/06/2023
2;Produit B;7;85.6186606095194;148;Client_148;14/09/2023
5;Produit E;5;32.800919137458706;144;Client_144;28/07/2023
2;Produit B;8;53.261693751797175;67;Client_67;08/10/2023
5;Produit E;9;62.93812794658559;433;Client_433;24/11/2023
2;Produit B;4;52.01623005463737;357;Client_357;21/11/2023
3;Produit C;8;87.83884049038068;488;Client_488;27/05/2023
1;Produit A;6;81.19415666296901;428;Client_428;06/10/2023
2;Produit B;2;99.25333007797927;281;Client_281;09/01/2023
3;Produit C;7;49.07833535251204;279;Client_279;28/04/2023
1;Produit A;9;91.2492646517095;236;Client_236;04/04/2023
2;Produit B;5;83.66358656221404;443;Client_443;24/05/2023
3;Produit C;2;55.352513029070224;385;Client_385;16/10/2023
3;Produit C;4;81.38871805598781;353;Client_353;14/01/2023
3;Produit C;3;37.28531694927729;399;Client_399;14/09/2023
4;Produit D;4;85.25334376383867;128;Client_128;12/12/2023
5;Produit E;7;67.26314218109718;337;Client_337;05/07/2023
1;Produit A;8;50.46031208964772;482;Client_482;11/12/2023
5;Produit E;1;75.90441112489262;209;Client_209;26/07/2023
5;Produit E;8;74.91339991000862;436;Client_436;12/12/2023
3;Produit C;7;32.12781903680683;169;Client_169;27/09/2023
5;Produit E;1;60.35358108311717;172;Client_172;09/08/2023
4;Produit D;2;69.86583085410948;260;Client_260;01/06/2023
